<?xml version='1.0' encoding="ISO-8859-1" standalone="no" ?>
<ViewContext version="1.1.0" id="GERAL" xmlns:xsi="http://www.w3.org/2001/XMLSchema-instance" xmlns:ogc="http://www.opengis.net/ogc" xmlns:xlink="http://www.w3.org/1999/xlink" xmlns="http://www.opengis.net/context" xmlns:sld="http://www.opengis.net/sld" xsi:schemaLocation="http://www.opengis.net/context http://schemas.opengis.net/context/1.1.0/context.xsd">
  <General>
    <Window width="1267" height="617"/>
    <!-- Bounding box corners and spatial reference system -->
    <BoundingBox SRS="EPSG:4291" minx="-103.280641" miny="-39.392568" maxx="-2.817137" maxy="9.490149"/>
    <!-- Title of Context -->
    <Title>i3Geo</Title>
    <ContactInformation>
    </ContactInformation>
  </General>
  <LayerList>
    <Layer queryable="1" hidden="1">
      <Server service="OGC:WMS" version="1.0.0" title="Localidades">
        <OnlineResource xlink:type="simple" xlink:href="http://localhost:80/i3geo/ogc.php?tema=locali"/>
      </Server>
      <Name>locali</Name>
      <Title>Localidades</Title>
      <SRS>EPSG:4291 EPSG:4326</SRS>
      <FormatList>
        <Format>image/gif</Format>
        <Format current="1">image/png</Format>
        <Format>image/png; mode=24bit</Format>
        <Format>image/jpeg</Format>
        <Format>image/wbmp</Format>
        <Format>image/tiff</Format>
      </FormatList>
    </Layer>
  </LayerList>
</ViewContext>
